{
    "alpha": {
        "best_fit": -0.032343949417731235,
        "std": 0.0002679997778237559
    },
    "R_0": {
        "best_fit": 151422294.24857208,
        "std": 13540604.76354452
    }
}