{
    "P_f": {
        "mean": 113.82400360107422,
        "Sem": 0.01382845678173901
    },
    "P_i": {
        "mean": 100.1514892578125,
        "Sem": 0.0
    },
    "del_V": {
        "mean": 0.02,
        "Std": 0.00025
    },
    "V": {
        "mean": 0.14650047056951238,
        "std": 0.0018389824623846695
    }
}