{
    "minimal allan": {
        "allan variance": 2.0812724118338894e-06,
        "time": 1.2299999999999998
    }
}