{
    "minimal allan": {
        "allan variance": 5.2663173012205494e-06,
        "time": 0.7319999999999999
    }
}