{
    "minimal allan": {
        "allan variance": 0.7319999999999999,
        "time": 0.7319999999999999
    }
}